Time;PID1-Setpoint_Yset;PID2-Setpoint_Yset;Process-Disturbance_D;minSelect-SelectorOut;Process-Output_Y_sim;PID1-PID_U;PID2-PID_U
2021-01-01 00:00:00;50;70;0;50;50;50;51
2021-01-01 00:00:01;50;70;0.62668;50;50.628;50;51
2021-01-01 00:00:02;50;70;1.2434;49.685;51.216;49.685;51
2021-01-01 00:00:03;50;70;1.8406;49.39;51.759;49.39;50.685
2021-01-01 00:00:04;50;70;2.4089;49.113;52.254;49.113;50.39
2021-01-01 00:00:05;50;70;2.9389;48.861;52.94;48.861;50.113
2021-01-01 00:00:06;50;70;3.4227;48.514;53.424;48.514;49.861
2021-01-01 00:00:07;50;70;3.8527;48.264;53.825;48.264;49.514
2021-01-01 00:00:08;50;70;4.2216;48.057;54.14;48.057;49.264
2021-01-01 00:00:09;50;70;4.5241;47.891;54.369;47.891;49.057
2021-01-01 00:00:10;50;70;4.7554;47.766;54.511;47.766;48.891
2021-01-01 00:00:11;50;70;4.9114;47.686;54.554;47.686;48.766
2021-01-01 00:00:12;50;70;4.9901;47.657;54.509;47.657;48.686
2021-01-01 00:00:13;50;70;4.9901;47.671;54.376;47.671;48.657
2021-01-01 00:00:14;50;70;4.9114;47.729;54.16;47.729;48.671
2021-01-01 00:00:15;50;70;4.7554;47.828;53.869;47.828;48.729
2021-01-01 00:00:16;50;70;4.5241;47.964;53.508;47.964;48.828
2021-01-01 00:00:17;50;70;4.2216;48.139;53.085;48.139;48.964
2021-01-01 00:00:18;50;70;3.8527;48.343;52.607;48.343;49.139
2021-01-01 00:00:19;50;70;3.4227;48.578;52.084;48.578;49.343
2021-01-01 00:00:20;50;70;2.9389;48.834;51.526;48.834;49.578
2021-01-01 00:00:21;50;70;2.4089;49.111;50.939;49.111;49.834
2021-01-01 00:00:22;50;70;1.8406;49.404;50.334;49.404;50.111
2021-01-01 00:00:23;50;70;1.2434;49.705;49.723;49.705;50.404
2021-01-01 00:00:24;50;70;0.62668;50.011;49.115;50.011;50.705
2021-01-01 00:00:25;50;70;6.123E-16;50.315;48.52;50.315;51.011
2021-01-01 00:00:26;50;70;-0.62666;50.616;47.947;50.616;51.315
2021-01-01 00:00:27;50;70;-1.2434;50.908;47.407;50.908;51.616
2021-01-01 00:00:28;50;70;-1.8406;51.184;46.904;51.184;51.908
2021-01-01 00:00:29;50;70;-2.4087;51.439;46.451;51.439;52.184
2021-01-01 00:00:30;50;70;-2.9389;51.673;46.053;51.673;52.439
2021-01-01 00:00:31;50;70;-3.4227;51.881;45.717;51.881;52.673
2021-01-01 00:00:32;50;70;-3.8525;52.058;45.449;52.058;52.881
2021-01-01 00:00:33;50;70;-4.2216;52.2;45.251;52.2;53.058
2021-01-01 00:00:34;50;70;-4.5241;52.31;45.126;52.31;53.2
2021-01-01 00:00:35;50;70;-4.7552;52.38;45.079;52.38;53.31
2021-01-01 00:00:36;50;70;-4.9114;52.415;45.11;52.415;53.38
2021-01-01 00:00:37;50;70;-4.9901;52.41;45.215;52.41;53.415
2021-01-01 00:00:38;50;70;-4.9901;52.365;45.398;52.365;53.41
2021-01-01 00:00:39;50;70;-4.9114;52.285;45.65;52.285;53.365
2021-01-01 00:00:40;50;70;-4.7552;52.167;45.973;52.167;53.285
2021-01-01 00:00:41;50;70;-4.5241;52.014;46.356;52.014;53.167
2021-01-01 00:00:42;50;70;-4.2216;51.829;46.799;51.829;53.014
2021-01-01 00:00:43;50;70;-3.8525;51.615;47.29;51.615;52.829
2021-01-01 00:00:44;50;70;-3.4227;51.373;47.824;51.373;52.615
2021-01-01 00:00:45;50;70;-2.9389;51.112;48.39;51.112;52.373
2021-01-01 00:00:46;50;70;-2.4087;50.83;48.982;50.83;52.112
2021-01-01 00:00:47;50;70;-1.8406;50.536;49.59;50.536;51.83
2021-01-01 00:00:48;50;70;-1.2434;50.233;50.204;50.233;51.536
2021-01-01 00:00:49;50;70;-0.62666;49.927;50.814;49.927;51.233
2021-01-01 00:00:50;50;70;-1.2246E-15;49.619;51.412;49.619;50.927
2021-01-01 00:00:51;50;70;0.62668;49.319;51.986;49.319;50.619
2021-01-01 00:00:52;50;70;1.2434;49.027;52.528;49.027;50.319
2021-01-01 00:00:53;50;70;1.8406;48.752;53.028;48.752;50.027
2021-01-01 00:00:54;50;70;2.4089;48.494;53.483;48.494;49.752
2021-01-01 00:00:55;50;70;2.9389;48.26;53.881;48.26;49.494
2021-01-01 00:00:56;50;70;3.4227;48.055;54.216;48.055;49.26
2021-01-01 00:00:57;50;70;3.8527;47.877;54.485;47.877;49.055
2021-01-01 00:00:58;50;70;4.2216;47.733;54.683;47.733;48.877
2021-01-01 00:00:59;50;70;4.5241;47.625;54.808;47.625;48.733
2021-01-01 00:01:00;50;70;4.7554;47.555;54.854;47.555;48.625
2021-01-01 00:01:01;50;70;4.9114;47.52;54.824;47.52;48.555
2021-01-01 00:01:02;50;70;4.9901;47.527;54.718;47.527;48.52
2021-01-01 00:01:03;50;70;4.9901;47.569;54.538;47.569;48.527
2021-01-01 00:01:04;50;70;4.9114;47.652;54.283;47.652;48.569
2021-01-01 00:01:05;50;70;4.7554;47.769;53.963;47.769;48.652
2021-01-01 00:01:06;50;70;4.5241;47.923;53.577;47.923;48.769
2021-01-01 00:01:07;50;70;4.2216;48.108;53.136;48.108;48.923
2021-01-01 00:01:08;50;70;3.8527;48.321;52.646;48.321;49.108
2021-01-01 00:01:09;50;70;3.4227;48.563;52.111;48.563;49.321
2021-01-01 00:01:10;50;70;2.9389;48.824;51.545;48.824;49.563
2021-01-01 00:01:11;50;70;2.4089;49.106;50.951;49.106;49.824
2021-01-01 00:01:12;50;70;1.8406;49.399;50.345;49.399;50.106
2021-01-01 00:01:13;50;70;1.2434;49.702;49.73;49.702;50.399
2021-01-01 00:01:14;50;70;0.62668;50.011;49.12;50.011;50.702
2021-01-01 00:01:15;50;70;1.8369E-15;50.316;48.523;50.316;51.011
2021-01-01 00:01:16;50;70;-0.62666;50.619;47.951;50.619;51.316
2021-01-01 00:01:17;50;70;-1.2434;50.91;47.409;50.91;51.619
2021-01-01 00:01:18;50;70;-1.8406;51.186;46.906;51.186;51.91
2021-01-01 00:01:19;50;70;-2.4087;51.443;46.454;51.443;52.186
2021-01-01 00:01:20;50;70;-2.9389;51.677;46.056;51.677;52.443
2021-01-01 00:01:21;50;70;-3.4227;51.882;45.72;51.882;52.677
2021-01-01 00:01:22;50;70;-3.8525;52.059;45.449;52.059;52.882
2021-01-01 00:01:23;50;70;-4.2216;52.204;45.253;52.204;53.059
2021-01-01 00:01:24;50;70;-4.5241;52.311;45.128;52.311;53.204
2021-01-01 00:01:25;50;70;-4.7552;52.384;45.082;52.384;53.311
2021-01-01 00:01:26;50;70;-4.9114;52.416;45.112;52.416;53.384
2021-01-01 00:01:27;50;70;-4.9901;52.411;45.217;52.411;53.416
2021-01-01 00:01:28;50;70;-4.9901;52.367;45.4;52.367;53.411
2021-01-01 00:01:29;50;70;-4.9114;52.287;45.652;52.287;53.367
2021-01-01 00:01:30;50;70;-4.7552;52.169;45.975;52.169;53.287
2021-01-01 00:01:31;50;70;-4.5241;52.015;46.358;52.015;53.169
2021-01-01 00:01:32;50;70;-4.2216;51.83;46.801;51.83;53.015
2021-01-01 00:01:33;50;70;-3.8525;51.617;47.291;51.617;52.83
2021-01-01 00:01:34;50;70;-3.4227;51.375;47.826;51.375;52.617
2021-01-01 00:01:35;50;70;-2.9389;51.114;48.392;51.114;52.375
2021-01-01 00:01:36;50;70;-2.4087;50.832;48.986;50.832;52.114
2021-01-01 00:01:37;50;70;-1.8406;50.538;49.592;50.538;51.832
2021-01-01 00:01:38;50;70;-1.2434;50.235;50.206;50.235;51.538
2021-01-01 00:01:39;50;70;-0.62666;49.929;50.816;49.929;51.235
2021-01-01 00:01:40;50;70;-2.4492E-15;49.621;51.414;49.621;50.929
2021-01-01 00:01:41;50;70;0.62668;49.32;51.988;49.32;50.621
2021-01-01 00:01:42;50;70;1.2434;49.029;52.53;49.029;50.32
2021-01-01 00:01:43;50;70;1.8406;48.753;53.032;48.753;50.029
2021-01-01 00:01:44;50;70;2.4089;48.496;53.485;48.496;49.753
2021-01-01 00:01:45;50;70;2.9389;48.262;53.883;48.262;49.496
2021-01-01 00:01:46;50;70;3.4227;48.057;54.218;48.057;49.262
2021-01-01 00:01:47;50;70;3.8527;47.879;54.487;47.879;49.057
2021-01-01 00:01:48;50;70;4.2216;47.737;54.685;47.737;48.879
2021-01-01 00:01:49;50;70;4.5241;47.627;54.809;47.627;48.737
2021-01-01 00:01:50;50;70;4.7554;47.557;54.856;47.557;48.627
2021-01-01 00:01:51;50;70;4.9114;47.522;54.828;47.522;48.557
2021-01-01 00:01:52;50;70;4.9901;47.529;54.72;47.529;48.522
2021-01-01 00:01:53;50;70;4.9901;47.571;54.54;47.571;48.529
2021-01-01 00:01:54;50;70;4.9114;47.654;54.285;47.654;48.571
2021-01-01 00:01:55;50;70;4.7554;47.771;53.964;47.771;48.654
2021-01-01 00:01:56;50;70;4.5241;47.925;53.581;47.925;48.771
2021-01-01 00:01:57;50;70;4.2216;48.11;53.138;48.11;48.925
2021-01-01 00:01:58;50;70;3.8527;48.323;52.648;48.323;49.11
2021-01-01 00:01:59;50;70;3.4227;48.565;52.113;48.565;49.323
2021-01-01 00:02:00;50;70;2.9389;48.826;51.547;48.826;49.565
2021-01-01 00:02:01;50;70;2.4089;49.108;50.955;49.108;49.826
2021-01-01 00:02:02;50;70;1.8406;49.401;50.347;49.401;50.108
2021-01-01 00:02:03;50;70;1.2434;49.704;49.732;49.704;50.401
2021-01-01 00:02:04;50;70;0.62668;50.013;49.122;50.013;50.704
2021-01-01 00:02:05;50;70;3.0615E-15;50.318;48.527;50.318;51.013
2021-01-01 00:02:06;50;70;-0.62666;50.621;47.953;50.621;51.318
2021-01-01 00:02:07;50;70;-1.2434;50.912;47.411;50.912;51.621
2021-01-01 00:02:08;50;70;-1.8406;51.188;46.908;51.188;51.912
2021-01-01 00:02:09;50;70;-2.4087;51.445;46.456;51.445;52.188
2021-01-01 00:02:10;50;70;-2.9389;51.679;46.058;51.679;52.445
2021-01-01 00:02:11;50;70;-3.4227;51.884;45.722;51.884;52.679
2021-01-01 00:02:12;50;70;-3.8525;52.061;45.453;52.061;52.884
2021-01-01 00:02:13;50;70;-4.2216;52.206;45.255;52.206;53.061
2021-01-01 00:02:14;50;70;-4.5241;52.313;45.13;52.313;53.206
2021-01-01 00:02:15;50;70;-4.7552;52.386;45.084;52.386;53.313
2021-01-01 00:02:16;50;70;-4.9114;52.418;45.114;52.418;53.386
2021-01-01 00:02:17;50;70;-4.9901;52.413;45.219;52.413;53.418
2021-01-01 00:02:18;50;70;-4.9901;52.369;45.402;52.369;53.413
2021-01-01 00:02:19;50;70;-4.9114;52.289;45.654;52.289;53.369
2021-01-01 00:02:20;50;70;-4.7552;52.171;45.977;52.171;53.289
2021-01-01 00:02:21;50;70;-4.5241;52.017;46.36;52.017;53.171
2021-01-01 00:02:22;50;70;-4.2216;51.832;46.803;51.832;53.017
2021-01-01 00:02:23;50;70;-3.8525;51.619;47.293;51.619;52.832
2021-01-01 00:02:24;50;70;-3.4227;51.377;47.828;51.377;52.619
2021-01-01 00:02:25;50;70;-2.9389;51.116;48.394;51.116;52.377
2021-01-01 00:02:26;50;70;-2.4087;50.834;48.988;50.834;52.116
2021-01-01 00:02:27;50;70;-1.8406;50.54;49.594;50.54;51.834
2021-01-01 00:02:28;50;70;-1.2434;50.237;50.208;50.237;51.54
2021-01-01 00:02:29;50;70;-0.62666;49.931;50.818;49.931;51.237
2021-01-01 00:02:30;50;70;-3.6738E-15;49.623;51.416;49.623;50.931
2021-01-01 00:02:31;50;70;80.628;49.322;100;49.322;50.623
2021-01-01 00:02:32;50;70;81.243;0;100;24.931;0
2021-01-01 00:02:33;50;70;81.842;0;100;1;0
2021-01-01 00:02:34;50;70;82.41;0;100;0.9;0
2021-01-01 00:02:35;50;70;82.94;0;100;0.8;0
2021-01-01 00:02:36;50;70;83.424;0;100;0.7;0
2021-01-01 00:02:37;50;70;83.854;0;100;0.6;0
2021-01-01 00:02:38;50;70;84.223;0;100;0.5;0
2021-01-01 00:02:39;50;70;84.524;0;100;0.4;0
2021-01-01 00:02:40;50;70;84.755;0;100;0.3;0
2021-01-01 00:02:41;50;70;84.911;0;100;0.2;0
2021-01-01 00:02:42;50;70;84.99;0;100;0.1;0
2021-01-01 00:02:43;50;70;84.99;0;100;1.3879E-16;0
2021-01-01 00:02:44;50;70;84.911;0;100;0;0
2021-01-01 00:02:45;50;70;84.755;0;100;0;0
2021-01-01 00:02:46;50;70;84.524;0;100;0;0
2021-01-01 00:02:47;50;70;84.223;0;100;0;0
2021-01-01 00:02:48;50;70;83.854;0;100;0;0
2021-01-01 00:02:49;50;70;83.424;0;98.138;0;0
2021-01-01 00:02:50;50;70;82.94;0;96.317;0.83524;0
2021-01-01 00:02:51;50;70;82.41;0.1342;94.569;1;0.1342
2021-01-01 00:02:52;50;70;81.842;0.35071;92.897;1.1342;0.35071
2021-01-01 00:02:53;50;70;81.243;0.64527;91.293;1.3507;0.64527
2021-01-01 00:02:54;50;70;80.628;1.0106;89.763;1.6454;1.0106
2021-01-01 00:02:55;50;70;80;1.4362;88.307;2.0106;1.4362
2021-01-01 00:02:56;50;70;79.373;1.9101;86.936;2.4362;1.9101
2021-01-01 00:02:57;50;70;78.758;2.391;85.665;2.9101;2.391
2021-01-01 00:02:58;50;70;78.159;2.8472;84.497;3.391;2.8472
2021-01-01 00:02:59;50;70;77.591;3.2473;83.446;3.8472;3.2473
2021-01-01 00:03:00;50;70;77.061;3.5594;82.513;4.2473;3.5594
2021-01-01 00:03:01;50;70;76.577;3.7546;81.707;4.5594;3.7546
2021-01-01 00:03:02;50;70;76.147;3.8053;81.028;4.7546;3.8053
2021-01-01 00:03:03;50;70;75.778;3.6925;80.476;4.8053;3.6925
2021-01-01 00:03:04;50;70;75.477;3.4037;80.04;4.6925;3.4037
2021-01-01 00:03:05;50;70;75.246;2.9336;79.719;4.4037;2.9336
2021-01-01 00:03:06;50;70;75.09;2.2829;79.496;3.9336;2.2829
2021-01-01 00:03:07;50;70;75.011;1.4597;79.364;3.2829;1.4597
2021-01-01 00:03:08;50;70;75.011;0.47815;79.304;2.4597;0.47815
2021-01-01 00:03:09;50;70;75.09;0;79.302;1.4781;0
2021-01-01 00:03:10;50;70;75.246;0;79.342;1;0
2021-01-01 00:03:11;50;70;75.477;0;79.408;0.92136;0
2021-01-01 00:03:12;50;70;75.778;0;79.486;0.8294;0
2021-01-01 00:03:13;50;70;76.147;0;79.56;0.73152;0
2021-01-01 00:03:14;50;70;76.577;0;79.681;0.6346;0
2021-01-01 00:03:15;50;70;77.061;0;79.883;0.51544;0
2021-01-01 00:03:16;50;70;77.591;0;80.155;0.3548;0
2021-01-01 00:03:17;50;70;78.159;0;80.49;0.15763;0
2021-01-01 00:03:18;50;70;78.758;0;80.877;0;0
2021-01-01 00:03:19;50;70;79.373;0;81.301;0;0
2021-01-01 00:03:20;50;70;80;0;81.751;0;0
2021-01-01 00:03:21;50;70;80.628;0;82.22;0;0
2021-01-01 00:03:22;50;70;81.243;0;82.692;0;0
2021-01-01 00:03:23;50;70;81.842;0;83.156;0;0
2021-01-01 00:03:24;50;70;82.41;0;83.606;0;0
2021-01-01 00:03:25;50;70;82.94;0;84.026;0;0
2021-01-01 00:03:26;50;70;83.424;0;84.411;0;0
2021-01-01 00:03:27;50;70;83.854;0;84.751;0;0
2021-01-01 00:03:28;50;70;84.223;0;85.04;0;0
2021-01-01 00:03:29;50;70;84.524;0;85.268;0;0
2021-01-01 00:03:30;50;70;84.755;0;85.432;0;0
2021-01-01 00:03:31;50;70;84.911;0;85.525;0;0
2021-01-01 00:03:32;50;70;84.99;0;85.548;0;0
2021-01-01 00:03:33;50;70;84.99;0;85.497;0;0
2021-01-01 00:03:34;50;70;84.911;0;85.374;0;0
2021-01-01 00:03:35;50;70;84.755;0;85.176;0;0
2021-01-01 00:03:36;50;70;84.524;0;84.905;0.028692;0
2021-01-01 00:03:37;50;70;84.223;0;84.568;0.093512;0
2021-01-01 00:03:38;50;70;83.854;0;84.169;0.19296;0
2021-01-01 00:03:39;50;70;83.424;0;83.709;0.32491;0
2021-01-01 00:03:40;50;70;82.94;0;83.199;0.48671;0
2021-01-01 00:03:41;50;70;82.41;0;82.645;0.67525;0
2021-01-01 00:03:42;50;70;81.842;0;82.057;0.88687;0
2021-01-01 00:03:43;50;70;81.243;0;81.439;1;0
2021-01-01 00:03:44;50;70;0.62668;0;0.80447;1;0
2021-01-01 00:03:45;50;70;5.5107E-15;1;0.16164;1;1
2021-01-01 00:03:46;50;70;-0.62666;1.4212;0;1.4212;2
2021-01-01 00:03:47;50;70;-1.2434;1.6019;0;1.6019;2.4212
2021-01-01 00:03:48;50;70;-1.8406;1.7019;0;1.7019;2.6019
2021-01-01 00:03:49;50;70;-2.4087;1.8019;0;1.8019;2.7019
2021-01-01 00:03:50;50;70;-2.9389;1.9019;0;1.9019;2.8019
2021-01-01 00:03:51;50;70;-3.4227;2.0019;0;2.0019;2.9019
2021-01-01 00:03:52;50;70;-3.8525;2.1019;0;2.1019;3.0019
2021-01-01 00:03:53;50;70;-4.2216;2.2019;0;2.2019;3.1019
2021-01-01 00:03:54;50;70;-4.5241;2.3019;0;2.3019;3.2019
2021-01-01 00:03:55;50;70;-4.7552;2.4019;0;2.4019;3.3019
2021-01-01 00:03:56;50;70;-4.9114;2.5019;0;2.5019;3.4019
2021-01-01 00:03:57;50;70;-4.9901;2.6019;0;2.6019;3.5019
2021-01-01 00:03:58;50;70;-4.9901;2.7019;0;2.7019;3.6019
2021-01-01 00:03:59;50;70;-4.9114;2.8019;0;2.8019;3.7019
2021-01-01 00:04:00;50;70;-4.7552;2.9019;0;2.9019;3.8019
2021-01-01 00:04:01;50;70;-4.5241;3.0019;0;3.0019;3.9019
2021-01-01 00:04:02;50;70;-4.2216;3.1019;0;3.1019;4.0019
2021-01-01 00:04:03;50;70;-3.8525;3.2019;0;3.2019;4.1019
2021-01-01 00:04:04;50;70;-3.4227;3.3019;0;3.3019;4.2019
2021-01-01 00:04:05;50;70;-2.9389;3.4019;0;3.4019;4.3019
2021-01-01 00:04:06;50;70;-2.4087;3.5019;0;3.5019;4.4019
2021-01-01 00:04:07;50;70;-1.8406;3.6019;0.21803;3.6019;4.5019
2021-01-01 00:04:08;50;70;-1.2434;3.5926;0.91912;3.5926;4.6019
2021-01-01 00:04:09;50;70;-0.62666;3.3402;1.6396;3.3402;4.5926
2021-01-01 00:04:10;50;70;-6.123E-15;3.0766;2.3694;3.0766;4.3402
2021-01-01 00:04:11;50;70;0.62668;2.8069;3.099;2.8069;4.0766
2021-01-01 00:04:12;50;70;1.2434;2.5359;3.8186;2.5359;3.8069
2021-01-01 00:04:13;50;70;1.8406;2.2685;4.5083;2.2685;3.5359
2021-01-01 00:04:14;50;70;2.4089;2.0148;5.1374;2.0148;3.2685
2021-01-01 00:04:15;50;70;2.9389;1.7899;5.6992;1.7899;3.0148
2021-01-01 00:04:16;50;70;3.4227;1.5976;6.1874;1.5976;2.7899
2021-01-01 00:04:17;50;70;3.8527;1.4412;6.5963;1.4412;2.5976
2021-01-01 00:04:18;50;70;4.2216;1.3235;6.9223;1.3235;2.4412
2021-01-01 00:04:19;50;70;4.5241;1.2467;7.1623;1.2467;2.3235
2021-01-01 00:04:20;50;70;4.7554;1.2123;7.3165;1.2123;2.2467
2021-01-01 00:04:21;50;70;4.9114;1.2205;7.3849;1.2205;2.2123
2021-01-01 00:04:22;50;70;4.9901;1.2715;7.3699;1.2715;2.2205
2021-01-01 00:04:23;50;70;4.9901;1.3643;7.2737;1.3643;2.2715
2021-01-01 00:04:24;50;70;4.9114;1.4978;7.1009;1.4978;2.3643
2021-01-01 00:04:25;50;70;4.7554;1.6702;6.8559;1.6702;2.4978
2021-01-01 00:04:26;50;70;4.5241;1.879;6.5446;1.879;2.6702
2021-01-01 00:04:27;50;70;4.2216;2.1215;6.174;2.1215;2.879
2021-01-01 00:04:28;50;70;3.8527;2.3944;5.7515;2.3944;3.1215
2021-01-01 00:04:29;50;70;3.4227;2.6942;5.2852;2.6942;3.3944
2021-01-01 00:04:30;50;70;2.9389;3.0166;4.7839;3.0166;3.6942
2021-01-01 00:04:31;50;70;2.4089;3.3577;4.2568;3.3577;4.0166
2021-01-01 00:04:32;50;70;1.8406;3.7127;3.7135;3.7127;4.3577
2021-01-01 00:04:33;50;70;1.2434;4.0771;3.1639;4.0771;4.7127
2021-01-01 00:04:34;50;70;0.62668;4.4455;2.6173;4.4455;5.0771
2021-01-01 00:04:35;50;70;2.45E-14;4.8135;2.0839;4.8135;5.4455
2021-01-01 00:04:36;50;70;-0.62666;5.176;1.5732;5.176;5.8135
2021-01-01 00:04:37;50;70;-1.2434;5.5283;1.0938;5.5283;6.176
2021-01-01 00:04:38;50;70;-1.8406;5.8659;0.6548;5.8659;6.5283
2021-01-01 00:04:39;50;70;-2.4087;6.1841;0.26395;6.1841;6.8659
2021-01-01 00:04:40;50;70;-2.9389;6.479;0;6.479;7.1841
2021-01-01 00:04:41;50;70;-3.4227;6.7108;0;6.7108;7.479
2021-01-01 00:04:42;50;70;-3.8525;6.8108;0;6.8108;7.7108
2021-01-01 00:04:43;50;70;-4.2216;6.9108;0;6.9108;7.8108
2021-01-01 00:04:44;50;70;-4.5241;7.0108;0;7.0108;7.9108
2021-01-01 00:04:45;50;70;-4.7552;7.1108;0;7.1108;8.0108
2021-01-01 00:04:46;50;70;-4.9114;7.2108;0;7.2108;8.1108
2021-01-01 00:04:47;50;70;-4.9901;7.3108;0;7.3108;8.2108
2021-01-01 00:04:48;50;70;-4.9901;7.4108;0;7.4108;8.3108
2021-01-01 00:04:49;50;70;-4.9114;7.5108;0.012927;7.5108;8.4108
2021-01-01 00:04:50;50;70;-4.7552;7.6043;0.36785;7.6043;8.5108
2021-01-01 00:04:51;50;70;-4.5241;7.5261;0.7888;7.5261;8.6043
2021-01-01 00:04:52;50;70;-4.2216;7.4141;1.2729;7.4141;8.5261
2021-01-01 00:04:53;50;70;-3.8525;7.2696;1.8163;7.2696;8.4141
2021-01-01 00:04:54;50;70;-3.4227;7.0942;2.4136;7.0942;8.2696
2021-01-01 00:04:55;50;70;-2.9389;6.8907;3.058;6.8907;8.0942
2021-01-01 00:04:56;50;70;-2.4087;6.6625;3.7272;6.6625;7.8907
2021-01-01 00:04:57;50;70;-1.8406;6.4203;4.4115;6.4203;7.6625
2021-01-01 00:04:58;50;70;-1.2434;6.1693;5.1012;6.1693;7.4203
2021-01-01 00:04:59;50;70;-0.62666;5.9144;5.7861;5.9144;7.1693
2021-01-01 00:05:00;50;70;-7.3476E-15;5.6604;6.4562;5.6604;6.9144
2021-01-01 00:05:01;50;70;0.62668;5.4124;7.1018;5.4124;6.6604
2021-01-01 00:05:02;50;70;1.2434;5.1755;7.7136;5.1755;6.4124
2021-01-01 00:05:03;50;70;1.8406;4.954;8.2833;4.954;6.1755
2021-01-01 00:05:04;50;70;2.4089;4.7527;8.8034;4.7527;5.954
2021-01-01 00:05:05;50;70;2.9389;4.5749;9.2668;4.5749;5.7527
2021-01-01 00:05:06;50;70;3.4227;4.4248;9.6675;4.4248;5.5749
2021-01-01 00:05:07;50;70;3.8527;4.305;10;4.305;5.4248
2021-01-01 00:05:08;50;70;4.2216;4.2187;10.262;4.2187;5.305
2021-01-01 00:05:09;50;70;4.5241;4.1679;10.446;4.1679;5.2187
2021-01-01 00:05:10;50;70;4.7554;4.1544;10.556;4.1544;5.1679
2021-01-01 00:05:11;50;70;4.9114;4.1788;10.587;4.1788;5.1544
2021-01-01 00:05:12;50;70;4.9901;4.242;10.54;4.242;5.1788
2021-01-01 00:05:13;50;70;4.9901;4.344;10.419;4.344;5.242
2021-01-01 00:05:14;50;70;4.9114;4.4835;10.227;4.4835;5.344
2021-01-01 00:05:15;50;70;4.7554;4.6599;9.9643;4.6599;5.4835
2021-01-01 00:05:16;50;70;4.5241;4.8706;9.6394;4.8706;5.6599
2021-01-01 00:05:17;50;70;4.2216;5.1139;9.2575;5.1139;5.8706
2021-01-01 00:05:18;50;70;3.8527;5.3863;8.8255;5.3863;6.1139
2021-01-01 00:05:19;50;70;3.4227;5.6845;8.3512;5.6845;6.3863
2021-01-01 00:05:20;50;70;2.9389;6.0051;7.8431;6.0051;6.6845
2021-01-01 00:05:21;50;70;2.4089;6.3434;7.3099;6.3434;7.0051
2021-01-01 00:05:22;50;70;1.8406;6.6954;6.7611;6.6954;7.3434
2021-01-01 00:05:23;50;70;1.2434;7.0564;6.2063;7.0564;7.6954
2021-01-01 00:05:24;50;70;0.62668;7.4214;5.6551;7.4214;8.0564
2021-01-01 00:05:25;50;70;-9.8036E-15;7.7857;5.1171;7.7857;8.4214
2021-01-01 00:05:26;50;70;-0.62666;8.1444;4.6019;8.1444;8.7857
2021-01-01 00:05:27;50;70;-1.2434;8.4926;4.1186;8.4926;9.1444
2021-01-01 00:05:28;50;70;-1.8406;8.8261;3.6753;8.8261;9.4926
2021-01-01 00:05:29;50;70;-2.4087;9.1403;3.2804;9.1403;9.8261
2021-01-01 00:05:30;50;70;-2.9389;9.4314;2.9408;9.4314;10.14
2021-01-01 00:05:31;50;70;-3.4227;9.6953;2.663;9.6953;10.431
2021-01-01 00:05:32;50;70;-3.8525;9.9288;2.452;9.9288;10.695
2021-01-01 00:05:33;50;70;-4.2216;10.129;2.312;10.129;10.93
2021-01-01 00:05:34;50;70;-4.5241;10.296;2.2465;10.296;11.129
2021-01-01 00:05:35;50;70;-4.7552;10.424;2.2572;10.424;11.296
2021-01-01 00:05:36;50;70;-4.9114;10.513;2.3451;10.513;11.424
2021-01-01 00:05:37;50;70;-4.9901;10.566;2.5092;10.566;11.513
2021-01-01 00:05:38;50;70;-4.9901;10.577;2.7483;10.577;11.566
2021-01-01 00:05:39;50;70;-4.9114;10.552;3.0595;10.552;11.577
2021-01-01 00:05:40;50;70;-4.7552;10.492;3.4386;10.492;11.552
2021-01-01 00:05:41;50;70;-4.5241;10.394;3.8806;10.394;11.492
2021-01-01 00:05:42;50;70;-4.2216;10.267;4.3793;10.267;11.394
2021-01-01 00:05:43;50;70;-3.8525;10.107;4.9282;10.107;11.267
2021-01-01 00:05:44;50;70;-3.4227;9.9231;5.5191;9.9231;11.107
2021-01-01 00:05:45;50;70;-2.9389;9.7166;6.1437;9.7166;10.923
2021-01-01 00:05:46;50;70;-2.4087;9.492;6.793;9.492;10.718
2021-01-01 00:05:47;50;70;-1.8406;9.2537;7.458;9.2537;10.492
2021-01-01 00:05:48;50;70;-1.2434;9.0065;8.1287;9.0065;10.255
2021-01-01 00:05:49;50;70;-0.62666;8.7549;8.7954;8.7549;10.006
2021-01-01 00:05:50;50;70;-8.5722E-15;8.5037;9.449;8.5037;9.7549
2021-01-01 00:05:51;50;70;0.62668;8.2581;10.079;8.2581;9.5037
2021-01-01 00:05:52;50;70;1.2434;8.0228;10.678;8.0228;9.2581
2021-01-01 00:05:53;50;70;1.8406;7.8021;11.236;7.8021;9.0228
2021-01-01 00:05:54;50;70;2.4089;7.6005;11.746;7.6005;8.8021
2021-01-01 00:05:55;50;70;2.9389;7.4221;12.202;7.4221;8.6005
2021-01-01 00:05:56;50;70;3.4227;7.2705;12.593;7.2705;8.4221
2021-01-01 00:05:57;50;70;3.8527;7.1489;12.92;7.1489;8.2705
2021-01-01 00:05:58;50;70;4.2216;7.0603;13.174;7.0603;8.1489
2021-01-01 00:05:59;50;70;4.5241;7.007;13.354;7.007;8.0603
2021-01-01 00:06:00;50;70;4.7554;6.9903;13.457;6.9903;8.007
2021-01-01 00:06:01;50;70;4.9114;7.0119;13.483;7.0119;7.9903
2021-01-01 00:06:02;50;70;4.9901;7.0719;13.431;7.0719;8.0119
2021-01-01 00:06:03;50;70;4.9901;7.1703;13.307;7.1703;8.0719
2021-01-01 00:06:04;50;70;4.9114;7.3063;13.108;7.3063;8.1703
2021-01-01 00:06:05;50;70;4.7554;7.4789;12.842;7.4789;8.3063
2021-01-01 00:06:06;50;70;4.5241;7.6863;12.513;7.6863;8.4789
2021-01-01 00:06:07;50;70;4.2216;7.9256;12.129;7.9256;8.6863
2021-01-01 00:06:08;50;70;3.8527;8.1943;11.693;8.1943;8.9256
2021-01-01 00:06:09;50;70;3.4227;8.489;11.213;8.489;9.1943
2021-01-01 00:06:10;50;70;2.9389;8.8056;10.701;8.8056;9.489
2021-01-01 00:06:11;50;70;2.4089;9.1404;10.164;9.1404;9.8056
2021-01-01 00:06:12;50;70;1.8406;9.4886;9.6116;9.4886;10.14
2021-01-01 00:06:13;50;70;1.2434;9.8457;9.0529;9.8457;10.488
2021-01-01 00:06:14;50;70;0.62668;10.208;8.4979;10.208;10.847
2021-01-01 00:06:15;50;70;2.6948E-14;10.567;7.9562;10.567;11.208
2021-01-01 00:06:16;50;70;-0.62666;10.922;7.437;10.922;11.567
2021-01-01 00:06:17;50;70;-1.2434;11.268;6.9499;11.268;11.922
2021-01-01 00:06:18;50;70;-1.8406;11.598;6.5028;11.598;12.268
2021-01-01 00:06:19;50;70;-2.4087;11.907;6.1042;11.907;12.598
2021-01-01 00:06:20;50;70;-2.9389;12.194;5.7608;12.194;12.907
2021-01-01 00:06:21;50;70;-3.4227;12.454;5.4789;12.454;13.194
2021-01-01 00:06:22;50;70;-3.8525;12.684;5.2641;12.684;13.454
2021-01-01 00:06:23;50;70;-4.2216;12.881;5.1205;12.881;13.684
2021-01-01 00:06:24;50;70;-4.5241;13.044;5.0513;13.044;13.881
2021-01-01 00:06:25;50;70;-4.7552;13.167;5.0581;13.167;14.044
2021-01-01 00:06:26;50;70;-4.9114;13.255;5.1422;13.255;14.167
2021-01-01 00:06:27;50;70;-4.9901;13.303;5.3025;13.303;14.255
2021-01-01 00:06:28;50;70;-4.9901;13.312;5.538;13.312;14.303
2021-01-01 00:06:29;50;70;-4.9114;13.283;5.8453;13.283;14.312
2021-01-01 00:06:30;50;70;-4.7552;13.218;6.2206;13.218;14.283
2021-01-01 00:06:31;50;70;-4.5241;13.118;6.6587;13.118;14.218
2021-01-01 00:06:32;50;70;-4.2216;12.984;7.1538;12.984;14.118
2021-01-01 00:06:33;50;70;-3.8525;12.822;7.6988;12.822;13.984
2021-01-01 00:06:34;50;70;-3.4227;12.634;8.2861;12.634;13.822
2021-01-01 00:06:35;50;70;-2.9389;12.424;8.907;12.424;13.634
2021-01-01 00:06:36;50;70;-2.4087;12.197;9.5527;12.197;13.424
2021-01-01 00:06:37;50;70;-1.8406;11.955;10.215;11.955;13.197
2021-01-01 00:06:38;50;70;-1.2434;11.704;10.882;11.704;12.955
2021-01-01 00:06:39;50;70;-0.62666;11.449;11.545;11.449;12.704
2021-01-01 00:06:40;50;70;-9.7968E-15;11.193;12.195;11.193;12.449
2021-01-01 00:06:41;50;70;0.62668;10.945;12.82;10.945;12.193
2021-01-01 00:06:42;50;70;1.2434;10.706;13.415;10.706;11.945
2021-01-01 00:06:43;50;70;1.8406;10.48;13.971;10.48;11.706
2021-01-01 00:06:44;50;70;2.4089;10.275;14.476;10.275;11.48
2021-01-01 00:06:45;50;70;2.9389;10.093;14.928;10.093;11.275
2021-01-01 00:06:46;50;70;3.4227;9.9381;15.317;9.9381;11.093
2021-01-01 00:06:47;50;70;3.8527;9.813;15.639;9.813;10.939
2021-01-01 00:06:48;50;70;4.2216;9.7208;15.889;9.7208;10.814
2021-01-01 00:06:49;50;70;4.5241;9.6638;16.064;9.6638;10.722
2021-01-01 00:06:50;50;70;4.7554;9.6435;16.165;9.6435;10.665
2021-01-01 00:06:51;50;70;4.9114;9.6614;16.186;9.6614;10.645
2021-01-01 00:06:52;50;70;4.9901;9.7179;16.133;9.7179;10.661
2021-01-01 00:06:53;50;70;4.9901;9.8126;16.004;9.8126;10.719
2021-01-01 00:06:54;50;70;4.9114;9.9452;15.801;9.9452;10.814
2021-01-01 00:06:55;50;70;4.7554;10.114;15.533;10.114;10.945
2021-01-01 00:06:56;50;70;4.5241;10.319;15.199;10.319;11.114
2021-01-01 00:06:57;50;70;4.2216;10.555;14.811;10.555;11.319
2021-01-01 00:06:58;50;70;3.8527;10.82;14.37;10.82;11.555
2021-01-01 00:06:59;50;70;3.4227;11.11;13.888;11.11;11.82
2021-01-01 00:07:00;50;70;2.9389;11.423;13.374;11.423;12.11
2021-01-01 00:07:01;50;70;2.4089;11.754;12.833;11.754;12.423
2021-01-01 00:07:02;50;70;1.8406;12.1;12.277;12.1;12.754
2021-01-01 00:07:03;50;70;1.2434;12.454;11.713;12.454;13.1
2021-01-01 00:07:04;50;70;0.62668;12.81;11.156;12.81;13.454
2021-01-01 00:07:05;50;70;-7.3544E-15;13.167;10.611;13.167;13.81
2021-01-01 00:07:06;50;70;-0.62666;13.52;10.088;13.52;14.167
2021-01-01 00:07:07;50;70;-1.2434;13.861;9.5962;13.861;14.52
2021-01-01 00:07:08;50;70;-1.8406;14.186;9.1457;14.186;14.861
2021-01-01 00:07:09;50;70;-2.4087;14.493;8.7432;14.493;15.186
2021-01-01 00:07:10;50;70;-2.9389;14.778;8.3964;14.778;15.493
2021-01-01 00:07:11;50;70;-3.4227;15.033;8.1111;15.033;15.778
2021-01-01 00:07:12;50;70;-3.8525;15.261;7.8926;15.261;16.033
2021-01-01 00:07:13;50;70;-4.2216;15.453;7.7454;15.453;16.261
2021-01-01 00:07:14;50;70;-4.5241;15.611;7.6727;15.611;16.453
2021-01-01 00:07:15;50;70;-4.7552;15.732;7.6761;15.732;16.611
2021-01-01 00:07:16;50;70;-4.9114;15.815;7.7565;15.815;16.732
2021-01-01 00:07:17;50;70;-4.9901;15.861;7.9133;15.861;16.815
2021-01-01 00:07:18;50;70;-4.9901;15.865;8.1451;15.865;16.861
2021-01-01 00:07:19;50;70;-4.9114;15.833;8.4489;15.833;16.865
2021-01-01 00:07:20;50;70;-4.7552;15.764;8.8208;15.764;16.833
2021-01-01 00:07:21;50;70;-4.5241;15.662;9.2554;15.662;16.764
2021-01-01 00:07:22;50;70;-4.2216;15.526;9.747;15.526;16.662
2021-01-01 00:07:23;50;70;-3.8525;15.361;10.29;15.361;16.526
2021-01-01 00:07:24;50;70;-3.4227;15.168;10.872;15.168;16.361
2021-01-01 00:07:25;50;70;-2.9389;14.956;11.491;14.956;16.168
2021-01-01 00:07:26;50;70;-2.4087;14.723;12.133;14.723;15.956
2021-01-01 00:07:27;50;70;-1.8406;14.479;12.789;14.479;15.723
2021-01-01 00:07:28;50;70;-1.2434;14.223;13.454;14.223;15.479
2021-01-01 00:07:29;50;70;-0.62666;13.966;14.114;13.966;15.223
2021-01-01 00:07:30;50;70;-1.1021E-14;13.708;14.76;13.708;14.966
2021-01-01 00:07:31;50;70;0.62668;13.455;15.382;13.455;14.708
2021-01-01 00:07:32;50;70;1.2434;13.211;15.975;13.211;14.455
2021-01-01 00:07:33;50;70;1.8406;12.985;16.526;12.985;14.211
2021-01-01 00:07:34;50;70;2.4089;12.775;17.029;12.775;13.985
2021-01-01 00:07:35;50;70;2.9389;12.591;17.476;12.591;13.775
2021-01-01 00:07:36;50;70;3.4227;12.431;17.86;12.431;13.591
2021-01-01 00:07:37;50;70;3.8527;12.304;18.18;12.304;13.431
2021-01-01 00:07:38;50;70;4.2216;12.207;18.427;12.207;13.304
2021-01-01 00:07:39;50;70;4.5241;12.148;18.598;12.148;13.207
2021-01-01 00:07:40;50;70;4.7554;12.123;18.694;12.123;13.148
2021-01-01 00:07:41;50;70;4.9114;12.139;18.715;12.139;13.123
2021-01-01 00:07:42;50;70;4.9901;12.192;18.657;12.192;13.139
2021-01-01 00:07:43;50;70;4.9901;12.282;18.523;12.282;13.192
2021-01-01 00:07:44;50;70;4.9114;12.413;18.32;12.413;13.282
2021-01-01 00:07:45;50;70;4.7554;12.577;18.047;12.577;13.413
2021-01-01 00:07:46;50;70;4.5241;12.779;17.711;12.779;13.577
2021-01-01 00:07:47;50;70;4.2216;13.01;17.318;13.01;13.779
2021-01-01 00:07:48;50;70;3.8527;13.272;16.875;13.272;14.01
2021-01-01 00:07:49;50;70;3.4227;13.561;16.39;13.561;14.272
2021-01-01 00:07:50;50;70;2.9389;13.871;15.871;13.871;14.561
2021-01-01 00:07:51;50;70;2.4089;14.197;15.325;14.197;14.871
2021-01-01 00:07:52;50;70;1.8406;14.54;14.767;14.54;15.197
2021-01-01 00:07:53;50;70;1.2434;14.889;14.2;14.889;15.54
2021-01-01 00:07:54;50;70;0.62668;15.245;13.638;15.245;15.889
2021-01-01 00:07:55;50;70;2.9397E-14;15.597;13.091;15.597;16.245
2021-01-01 00:07:56;50;70;-0.62666;15.945;12.565;15.945;16.597
2021-01-01 00:07:57;50;70;-1.2434;16.283;12.069;16.283;16.945
2021-01-01 00:07:58;50;70;-1.8406;16.606;11.617;16.606;17.283
2021-01-01 00:07:59;50;70;-2.4087;16.911;11.211;16.911;17.606
2021-01-01 00:08:00;50;70;-2.9389;17.19;10.861;17.19;17.911
2021-01-01 00:08:01;50;70;-3.4227;17.445;10.572;17.445;18.19
2021-01-01 00:08:02;50;70;-3.8525;17.668;10.349;17.668;18.445
2021-01-01 00:08:03;50;70;-4.2216;17.857;10.2;17.857;18.668
2021-01-01 00:08:04;50;70;-4.5241;18.013;10.124;18.013;18.857
2021-01-01 00:08:05;50;70;-4.7552;18.131;10.124;18.131;19.013
2021-01-01 00:08:06;50;70;-4.9114;18.209;10.201;18.209;19.131
2021-01-01 00:08:07;50;70;-4.9901;18.252;10.353;18.252;19.209
2021-01-01 00:08:08;50;70;-4.9901;18.253;10.583;18.253;19.252
2021-01-01 00:08:09;50;70;-4.9114;18.219;10.882;18.219;19.253
2021-01-01 00:08:10;50;70;-4.7552;18.147;11.252;18.147;19.219
2021-01-01 00:08:11;50;70;-4.5241;18.04;11.682;18.04;19.147
2021-01-01 00:08:12;50;70;-4.2216;17.901;12.172;17.901;19.04
2021-01-01 00:08:13;50;70;-3.8525;17.731;12.71;17.731;18.901
2021-01-01 00:08:14;50;70;-3.4227;17.538;13.289;17.538;18.731
2021-01-01 00:08:15;50;70;-2.9389;17.321;13.903;17.321;18.538
2021-01-01 00:08:16;50;70;-2.4087;17.085;14.542;17.085;18.321
2021-01-01 00:08:17;50;70;-1.8406;16.838;15.198;16.838;18.085
2021-01-01 00:08:18;50;70;-1.2434;16.58;15.857;16.58;17.838
2021-01-01 00:08:19;50;70;-0.62666;16.317;16.513;16.317;17.58
2021-01-01 00:08:20;50;70;-1.2246E-14;16.057;17.156;16.057;17.317
2021-01-01 00:08:21;50;70;0.62668;15.8;17.778;15.8;17.057
2021-01-01 00:08:22;50;70;1.2434;15.554;18.366;15.554;16.8
2021-01-01 00:08:23;50;70;1.8406;15.325;18.914;15.325;16.554
2021-01-01 00:08:24;50;70;2.4089;15.113;19.412;15.113;16.325
2021-01-01 00:08:25;50;70;2.9389;14.923;19.856;14.923;16.113
2021-01-01 00:08:26;50;70;3.4227;14.761;20.24;14.761;15.923
2021-01-01 00:08:27;50;70;3.8527;14.631;20.555;14.631;15.761
2021-01-01 00:08:28;50;70;4.2216;14.531;20.799;14.531;15.631
2021-01-01 00:08:29;50;70;4.5241;14.469;20.968;14.469;15.531
2021-01-01 00:08:30;50;70;4.7554;14.441;21.061;14.441;15.469
2021-01-01 00:08:31;50;70;4.9114;14.452;21.077;14.452;15.441
2021-01-01 00:08:32;50;70;4.9901;14.502;21.016;14.502;15.452
2021-01-01 00:08:33;50;70;4.9901;14.592;20.879;14.592;15.502
2021-01-01 00:08:34;50;70;4.9114;14.718;20.671;14.718;15.592
2021-01-01 00:08:35;50;70;4.7554;14.879;20.395;14.879;15.718
2021-01-01 00:08:36;50;70;4.5241;15.078;20.056;15.078;15.879
2021-01-01 00:08:37;50;70;4.2216;15.306;19.66;15.306;16.078
2021-01-01 00:08:38;50;70;3.8527;15.566;19.215;15.566;16.306
2021-01-01 00:08:39;50;70;3.4227;15.851;18.725;15.851;16.566
2021-01-01 00:08:40;50;70;2.9389;16.156;18.203;16.156;16.851
2021-01-01 00:08:41;50;70;2.4089;16.481;17.657;16.481;17.156
2021-01-01 00:08:42;50;70;1.8406;16.819;17.093;16.819;17.481
2021-01-01 00:08:43;50;70;1.2434;17.168;16.524;17.168;17.819
2021-01-01 00:08:44;50;70;0.62668;17.519;15.959;17.519;18.168
2021-01-01 00:08:45;50;70;-4.9052E-15;17.868;15.409;17.868;18.519
2021-01-01 00:08:46;50;70;-0.62666;18.215;14.878;18.215;18.868
2021-01-01 00:08:47;50;70;-1.2434;18.548;14.381;18.548;19.215
2021-01-01 00:08:48;50;70;-1.8406;18.868;13.924;18.868;19.548
2021-01-01 00:08:49;50;70;-2.4087;19.17;13.515;19.17;19.868
2021-01-01 00:08:50;50;70;-2.9389;19.446;13.163;19.446;20.17
2021-01-01 00:08:51;50;70;-3.4227;19.698;12.87;19.698;20.446
2021-01-01 00:08:52;50;70;-3.8525;19.918;12.645;19.918;20.698
2021-01-01 00:08:53;50;70;-4.2216;20.105;12.493;20.105;20.918
2021-01-01 00:08:54;50;70;-4.5241;20.257;12.414;20.257;21.105
2021-01-01 00:08:55;50;70;-4.7552;20.37;12.411;20.37;21.257
2021-01-01 00:08:56;50;70;-4.9114;20.447;12.485;20.447;21.37
2021-01-01 00:08:57;50;70;-4.9901;20.485;12.634;20.485;21.447
2021-01-01 00:08:58;50;70;-4.9901;20.486;12.861;20.486;21.485
2021-01-01 00:08:59;50;70;-4.9114;20.446;13.158;20.446;21.486
2021-01-01 00:09:00;50;70;-4.7552;20.371;13.522;20.371;21.446
2021-01-01 00:09:01;50;70;-4.5241;20.261;13.952;20.261;21.371
2021-01-01 00:09:02;50;70;-4.2216;20.119;14.436;20.119;21.261
2021-01-01 00:09:03;50;70;-3.8525;19.949;14.971;19.949;21.119
2021-01-01 00:09:04;50;70;-3.4227;19.75;15.55;19.75;20.949
2021-01-01 00:09:05;50;70;-2.9389;19.532;16.161;19.532;20.75
2021-01-01 00:09:06;50;70;-2.4087;19.294;16.795;19.294;20.532
2021-01-01 00:09:07;50;70;-1.8406;19.041;17.448;19.041;20.294
2021-01-01 00:09:08;50;70;-1.2434;18.782;18.104;18.782;20.041
2021-01-01 00:09:09;50;70;-0.62666;18.517;18.757;18.517;19.782
2021-01-01 00:09:10;50;70;-4.8997E-14;18.253;19.397;18.253;19.517
2021-01-01 00:09:11;50;70;0.62668;17.994;20.016;17.994;19.253
2021-01-01 00:09:12;50;70;1.2434;17.744;20.601;17.744;18.994
2021-01-01 00:09:13;50;70;1.8406;17.51;21.146;17.51;18.744
2021-01-01 00:09:14;50;70;2.4089;17.297;21.641;17.297;18.51
2021-01-01 00:09:15;50;70;2.9389;17.104;22.082;17.104;18.297
2021-01-01 00:09:16;50;70;3.4227;16.939;22.461;16.939;18.104
2021-01-01 00:09:17;50;70;3.8527;16.806;22.775;16.806;17.939
2021-01-01 00:09:18;50;70;4.2216;16.703;23.014;16.703;17.806
2021-01-01 00:09:19;50;70;4.5241;16.638;23.182;16.638;17.703
2021-01-01 00:09:20;50;70;4.7554;16.607;23.272;16.607;17.638
2021-01-01 00:09:21;50;70;4.9114;16.617;23.285;16.617;17.607
2021-01-01 00:09:22;50;70;4.9901;16.664;23.221;16.664;17.617
2021-01-01 00:09:23;50;70;4.9901;16.748;23.081;16.748;17.664
2021-01-01 00:09:24;50;70;4.9114;16.871;22.87;16.871;17.748
2021-01-01 00:09:25;50;70;4.7554;17.031;22.591;17.031;17.871
2021-01-01 00:09:26;50;70;4.5241;17.225;22.249;17.225;18.031
2021-01-01 00:09:27;50;70;4.2216;17.453;21.85;17.453;18.225
2021-01-01 00:09:28;50;70;3.8527;17.709;21.402;17.709;18.453
2021-01-01 00:09:29;50;70;3.4227;17.991;20.911;17.991;18.709
2021-01-01 00:09:30;50;70;2.9389;18.293;20.384;18.293;18.991
2021-01-01 00:09:31;50;70;2.4089;18.615;19.834;18.615;19.293
2021-01-01 00:09:32;50;70;1.8406;18.952;19.268;18.952;19.615
2021-01-01 00:09:33;50;70;1.2434;19.295;18.698;19.295;19.952
2021-01-01 00:09:34;50;70;0.62668;19.643;18.13;19.643;20.295
2021-01-01 00:09:35;50;70;3.1848E-14;19.991;17.575;19.991;20.643
2021-01-01 00:09:36;50;70;-0.62666;20.333;17.043;20.333;20.991
2021-01-01 00:09:37;50;70;-1.2434;20.665;16.543;20.665;21.333
2021-01-01 00:09:38;50;70;-1.8406;20.982;16.083;20.982;21.665
2021-01-01 00:09:39;50;70;-2.4087;21.28;15.67;21.28;21.982
2021-01-01 00:09:40;50;70;-2.9389;21.556;15.315;21.556;22.28
2021-01-01 00:09:41;50;70;-3.4227;21.802;15.019;21.802;22.556
2021-01-01 00:09:42;50;70;-3.8525;22.021;14.791;22.021;22.802
2021-01-01 00:09:43;50;70;-4.2216;22.205;14.636;22.205;23.021
2021-01-01 00:09:44;50;70;-4.5241;22.354;14.554;22.354;23.205
2021-01-01 00:09:45;50;70;-4.7552;22.466;14.548;22.466;23.354
2021-01-01 00:09:46;50;70;-4.9114;22.54;14.618;22.54;23.466
2021-01-01 00:09:47;50;70;-4.9901;22.575;14.767;22.575;23.54
2021-01-01 00:09:48;50;70;-4.9901;22.57;14.988;22.57;23.575
2021-01-01 00:09:49;50;70;-4.9114;22.529;15.284;22.529;23.57
2021-01-01 00:09:50;50;70;-4.7552;22.451;15.645;22.451;23.529
2021-01-01 00:09:51;50;70;-4.5241;22.34;16.072;22.34;23.451
2021-01-01 00:09:52;50;70;-4.2216;22.195;16.553;22.195;23.34
2021-01-01 00:09:53;50;70;-3.8525;22.021;17.087;22.021;23.195
2021-01-01 00:09:54;50;70;-3.4227;21.819;17.66;21.819;23.021
2021-01-01 00:09:55;50;70;-2.9389;21.598;18.268;21.598;22.819
2021-01-01 00:09:56;50;70;-2.4087;21.356;18.901;21.356;22.598
2021-01-01 00:09:57;50;70;-1.8406;21.103;19.551;21.103;22.356
2021-01-01 00:09:58;50;70;-1.2434;20.838;20.204;20.838;22.103
2021-01-01 00:09:59;50;70;-0.62666;20.572;20.856;20.572;21.838
